arm,real_frames,tokens_used,latest_slots,latest_purity,latest_share,latest_exclusive,mixed_fraction,step_span_mean,dropped_valid_patches
G2,1,256,256,1.0,256.0,256,0.0,0.0,0
G2,2,242,121,1.0,121.0,121,0.0,0.0,0
G2,3,243,81,1.0,81.0,81,0.0,0.0,0
G2,4,256,64,1.0,64.0,64,0.0,0.0,0
G2,5,245,49,1.0,49.0,49,0.0,0.0,0
G2,6,216,36,1.0,36.0,36,0.0,0.0,0
G2,7,252,36,1.0,36.0,36,0.0,0.0,0
G2,8,200,25,1.0,25.0,25,0.0,0.0,0
G3,1,256,256,1.0,256.0,256,0.0,0.0,0
G3,2,256,256,0.5,128.0,0,1.0,16.0,0
G3,3,256,256,0.3333,85.3333,0,1.0,32.0,0
G3,4,256,256,0.25,64.0,0,1.0,48.0,0
G3,5,242,121,0.25,30.25,0,0.5,24.0,0
G3,6,242,121,0.25,30.25,0,1.0,32.0,0
G3,7,242,121,0.25,30.25,0,1.0,40.0,0
G3,8,242,121,0.25,30.25,0,1.0,48.0,0
G3Q,1,256,256,1.0,256.0,256,0.0,0.0,0
G3Q,2,242,121,1.0,121.0,121,0.0,0.0,0
G3Q,3,250,81,1.0,81.0,81,0.676,10.82,0
G3Q,4,233,64,1.0,64.0,64,0.7253,23.21,0
G3Q,5,249,49,1.0,49.0,49,0.4016,12.85,0
G3Q,6,236,36,1.0,36.0,36,0.8475,20.34,0
G3Q,7,236,36,1.0,36.0,36,0.8475,27.12,0
G3Q,8,225,25,1.0,25.0,25,0.8889,35.56,0
