arm,task_id,episode,stratum,g3_reference_success,observed_success,matches_reference,steps,slots_used_mean,latest_slots_mean,latest_purity_mean,latest_share_mean,latest_exclusive_mean,mixed_fraction_mean,step_span_mean,latest_weight_mean,step_span_max,valid_dropped_patches_total,action_change_mean,gripper_flips
G0,2,0,success,1,1,True,268,256.0,256.0,1.0,256.0,256.0,0.0,0.0,1.0,0,0,0.12382359705809078,18
G0,2,1,failure,0,0,True,520,256.0,256.0,1.0,256.0,256.0,0.0,0.0,1.0,0,0,0.07726122369632982,44
G0,3,0,success,1,0,False,520,256.0,256.0,1.0,256.0,256.0,0.0,0.0,1.0,0,0,0.07003460169520324,6
G0,3,1,failure,0,1,False,208,256.0,256.0,1.0,256.0,256.0,0.0,0.0,1.0,0,0,0.13158300497302722,4
G0,4,0,failure,0,0,True,520,256.0,256.0,1.0,256.0,256.0,0.0,0.0,1.0,0,0,0.06551892149171365,6
G0,4,13,success,1,1,True,215,256.0,256.0,1.0,256.0,256.0,0.0,0.0,1.0,0,0,0.12199644452308803,5
G2,2,0,success,1,0,False,520,209.53846153846155,39.4,1.0,39.4,39.4,0.0,0.0,0.17785714285714294,0,0,0.11394149856335209,30
G2,2,1,failure,0,1,False,246,220.16260162601625,55.4390243902439,1.0,55.4390243902439,55.4390243902439,0.0,0.0,0.2367305458768875,0,0,0.08360202969257789,5
G2,3,0,success,1,0,False,520,209.53846153846155,39.4,1.0,39.4,39.4,0.0,0.0,0.17785714285714294,0,0,0.0640556004056389,4
G2,3,1,failure,0,1,False,239,220.7531380753138,56.33054393305439,1.0,56.33054393305439,56.33054393305439,0.0,0.0,0.24000298864315617,0,0,0.08216593287887668,2
G2,4,0,failure,0,1,False,230,221.56521739130434,57.55652173913043,1.0,57.55652173913043,57.55652173913043,0.0,0.0,0.24450310559006228,0,0,0.10963905171119528,5
G2,4,13,success,1,0,False,520,209.53846153846155,39.4,1.0,39.4,39.4,0.0,0.0,0.17785714285714294,0,0,0.07845981206739013,18
G3,2,0,success,1,0,False,520,243.72307692307692,137.6153846153846,0.28333333333333327,42.93717948717948,7.876923076923077,0.9538461538461539,43.56923076923077,0.17371794871794868,48,0,0.057550962794289444,22
G3,2,1,failure,0,0,True,520,243.72307692307692,137.6153846153846,0.28333333333333327,42.93717948717948,7.876923076923077,0.9538461538461539,43.56923076923077,0.17371794871794868,48,0,0.0,0
G3,3,0,success,1,0,False,520,243.72307692307692,137.6153846153846,0.28333333333333327,42.93717948717948,7.876923076923077,0.9538461538461539,43.56923076923077,0.17371794871794868,48,0,0.14798519584240502,28
G3,3,1,failure,0,0,True,520,243.72307692307692,137.6153846153846,0.28333333333333327,42.93717948717948,7.876923076923077,0.9538461538461539,43.56923076923077,0.17371794871794868,48,0,0.08470263011439526,2
G3,4,0,failure,0,0,True,520,243.72307692307692,137.6153846153846,0.28333333333333327,42.93717948717948,7.876923076923077,0.9538461538461539,43.56923076923077,0.17371794871794868,48,0,0.07918722469733,21
G3,4,13,success,1,0,False,520,243.72307692307692,137.6153846153846,0.28333333333333327,42.93717948717948,7.876923076923077,0.9538461538461539,43.56923076923077,0.17371794871794868,48,0,0.06785435218560992,14
