arm,observed_outcome,real_frames,steps,slots_used_mean,latest_slots_mean,latest_purity_mean,latest_share_mean,latest_exclusive_mean,mixed_fraction_mean,step_span_mean,latest_weight_mean
G0,failure,1,1560,256.0,256.0,1.0,256.0,256.0,0.0,0.0,1.0
G0,success,1,691,256.0,256.0,1.0,256.0,256.0,0.0,0.0,1.0
G2,failure,1,48,256.0,256.0,1.0,256.0,256.0,0.0,0.0,1.0
G2,failure,2,48,242.0,121.0,1.0,121.0,121.0,0.0,0.0,0.5
G2,failure,3,48,243.0,81.0,1.0,81.0,81.0,0.0,0.0,0.33333333333333354
G2,failure,4,48,256.0,64.0,1.0,64.0,64.0,0.0,0.0,0.25
G2,failure,5,48,245.0,49.0,1.0,49.0,49.0,0.0,0.0,0.19999999999999996
G2,failure,6,48,216.0,36.0,1.0,36.0,36.0,0.0,0.0,0.16666666666666677
G2,failure,7,48,252.0,36.0,1.0,36.0,36.0,0.0,0.0,0.142857142857143
G2,failure,8,1224,200.0,25.0,1.0,25.0,25.0,0.0,0.0,0.125
G2,success,1,48,256.0,256.0,1.0,256.0,256.0,0.0,0.0,1.0
G2,success,2,48,242.0,121.0,1.0,121.0,121.0,0.0,0.0,0.5
G2,success,3,48,243.0,81.0,1.0,81.0,81.0,0.0,0.0,0.33333333333333354
G2,success,4,48,256.0,64.0,1.0,64.0,64.0,0.0,0.0,0.25
G2,success,5,48,245.0,49.0,1.0,49.0,49.0,0.0,0.0,0.19999999999999996
G2,success,6,48,216.0,36.0,1.0,36.0,36.0,0.0,0.0,0.16666666666666677
G2,success,7,48,252.0,36.0,1.0,36.0,36.0,0.0,0.0,0.142857142857143
G2,success,8,379,200.0,25.0,1.0,25.0,25.0,0.0,0.0,0.125
G3,failure,1,96,256.0,256.0,1.0,256.0,256.0,0.0,0.0,1.0
G3,failure,2,96,256.0,256.0,0.5,128.0,0.0,1.0,16.0,0.5
G3,failure,3,96,256.0,256.0,0.33333333333333237,85.33333333333309,0.0,1.0,32.0,0.33333333333333237
G3,failure,4,96,256.0,256.0,0.25,64.0,0.0,1.0,48.0,0.25
G3,failure,5,96,242.0,121.0,0.25,30.25,0.0,0.5,24.0,0.125
G3,failure,6,96,242.0,121.0,0.25,30.25,0.0,1.0,32.0,0.125
G3,failure,7,96,242.0,121.0,0.25,30.25,0.0,1.0,40.0,0.125
G3,failure,8,2448,242.0,121.0,0.25,30.25,0.0,1.0,48.0,0.125
